author,count
"ALES GAL",116
"Janez Gorenak",21
"Merc Mer",19
"Matic Regally",19
"Alen Alen",14
"matjaz mazi",14
"Mateo Murn",10
"David Todorovi캖",8
"goblino 游댬",7
"Josko Jansa",7
"Ime je Znamenje",7
vladom,7
meoww,7
"Vera Kru코i캜",6
"Eliphas Desni",6
"콯an Ber캜i캜",6
TadeSLO,6
utdty,5
"an pro",4
"Roko Mekota",4
"Mateo Charles von Pavlovi캖",4
"Aleksej Milenkovi캖",3
"Yasha SL",3
SoulFlex,3
"robert ran캜nik",3
"Andreja Domitrovic",3
"master of nordinbad",3
"GaLL cSp",3
"Nikola Nastasijevic",3
"M H",3
"marko pirc",3
anarhistkropotkin,3
"Partis 1234",2
"g perhan",2
"Toma Gorec",2
"Danilo Onuk",2
luksurias,2
"Dusan Todorovic",2
"Rade Dubravica",2
"dora plant",2
"Simon Perkovi캜",2
trebor,2
"Luka Kristan",2
daniloonuk,2
"Ivan vidovic",2
"Jani Almighty",2
"Du코an Tasi캖",2
"Martin the Maverick",2
"Leila Fallani-B.",2
"barbare stil",2
"Simon Prah",2
qwertzui6697,2
"Ga코per Slak",2
"mira Franka",2
"Klara Stopar",1
"Dusan Kosar",1
"France Preseren",1
"Lolek Bolek",1
"Kiko Loko",1
"Monika Primc",1
"Peter Kov코ca",1
"Voster Slovenija",1
"zoe ree",1
jakatom,1
"Anja Hribar",1
"Bogo Gruden",1
"sober boy",1
"Vinko Brglez",1
"Sebastijan Fras",1
"Jan Brecelj",1
nandottt,1
"Zi Wertu",1
"Igor W.",1
"Atrax R",1
Perplexer1,1
"Aleksander Broz",1
MrMajar9,1
"irena umek",1
"capris axe",1
JellyFishBeky,1
"Tia La Phunci",1
"Zvonka Facija",1
ee2322,1
Miso,1
"Lil Purged",1
"Marko Slav",1
kinzolaz,1
"Bostjan Fras",1
"Mark Ambroz",1
"Martin Kobe",1
VendPrekmurec,1
"Ratko Milutinovi캖",1
"albin albin",1
"Slovenia Guy",1
"david turk",1
"Marko Modic",1
tmezan,1
sebastijan21,1
"Amerikan Stafford",1
"Jakob K",1
hunn,1
"Grahasta Kura1",1
"Raca 2",1
"Leon Bulaji캖",1
"Anica Bidar",1
"NATAㅁ TOMI캛",1
darinka@alwaysonthego,1
Konjelov'c,1
"Ferdinand Rauh",1
"Lojzek Novak",1
"mojca smrekar",1
"Zoki Georgievski",1
"Ante Kne쬰vi캖",1
RichieLarpa,1
"Melisa Hogic",1
"Bor Golob",1
"KINGS LULLABY",1
"ZDRAVKO KOFLEK",1
"Jurij 맖ber",1
"Ziga Zorin",1
Gajci,1
"G. Realist",1
"Ljerka Bra캜i캜 Kampu코",1
"Video spot",1
"캜as je",1
"First leopard",1
"Marko Muzga",1
matija,1
"Irena Resman",1
"john smith",1
"Samo K.",1
NightBush,1
"Daniel Zaveljcina",1
"Lj Slo",1
"SLO Info",1
"Janez Konic",1
"S OS",1
"Slavko Osolin",1
"Mad Ness",1
"Franc Puk코i캜",1
"Franci Balanci",1
"Norina Ali캖aji캖",1
"Mario Pfajfar",1
"Andrej Babic",1
"Jerem칤as Samuel Zitnik",1
"캜arli brown",1
Vitar,1
Leon,1
"Nam Nam",1
"Matej Kastelic",1
TUNER,1
"Matev Koren",1
"Black Sun",1
"맚iristo 맚iriin코tirideset Pika Ous",1
"MR GS",1
"Mojca Me쬴k",1
Zalxs.,1
"Franjo Erman",1
"o O",1
"Janja Susnik",1
"The Milatovich family",1
"Zeko keko",1
"mladen filak",1
"Ivan Trunk",1
"iztok kovi캜",1
"맛코tar Lilly",1
"STRIGA Mr!Pizzi",1
"grapinsy gasy",1
"Slion Slion",1
"Luka Ivan코ek",1
"Uro코 Ferjan",1
"Piki Jakob",1
"Postthraumatiche Amnesia",1
"Bob Bobovan",1
Dinotti,1
"Kai Beckham",1
"intuziast videos",1
"Milo Savel",1
svit,1
"Vid Ambro쬴캜 Satler",1
FlambiranoSadje,1
"Laura Kopunovic",1
"roman kotnik",1
MegaTaurus1216,1
"Fit Buy",1
iborkecel,1
miivii,1
"Dare Rozic",1
"roby roby",1
"Shark with freakin' laser attached to his head",1
"rajko ratis",1
"Marjan Mu코i캜",1
